{"_default": {"1": {"value": 36.04, "average": 30.86285714285714}, "2": {"value": 33.63, "average": 31.25816326530612}, "3": {"value": 36.43, "average": 31.996997084548102}, "4": {"value": 32.27, "average": 32.03599750104123}}}